text,label
Mortar assault leaves at least 18 dead,sadness
Goal delight for Sheva,joy
Nigeria hostage feared dead is freed,joy
Bombers kill shoppers,fear
"Vegetables, not fruit, slow brain decline",surprise
PM: Havana deal a good experiment,joy
Kate is marrying Doherty,joy
NASA revisiting life on Mars question,surprise
"Happy birthday, iPod",joy
Alonso would be happy to retire with three titles,joy
Madonna's New Tot 'Happy at Home' in London,joy
Nicole Kidman asks dad to help stop husband's drinking,sadness
United Finds Good Connection in Win,joy
'Runway': Making Good Without Making Nice,joy
"We were 'arrogant and stupid' over Iraq, says US diplomat",sadness
Bad reasons to be good,sadness
Madonna's new baby's daddy didn't realize adoption was `for good',surprise
Women in their 60s 'are perfectly good mothers',sadness
We're a pretty kind 'bully',joy
Moderate drinking reduces men's heart attack risk,joy
Tom Cruise and Katie Holmes set wedding date,joy
Kidnapped AP photographer freed in Gaza,fear
"Bush Insists Troops Stay in Iraq, Predicts Midterm Victory",disgust
Hurricane Paul Weakens To Tropical Storm,surprise
UK announces immigration restrictions,anger
Three found alive from missing Russian ship -report,joy
Poison Pill to Swallow: Hawks Hurting After Loss to Vikes,sadness
Injured Marathon Winner Leaves Hospital,joy
Hacker unlocks Apple music download protection,surprise
Spanish journalist seized in Gaza,fear
Sudan urges UN to replace its special envoy,surprise
Resolution approved for international games,joy
Pair of Satellites Will Document Sun in 3-D,joy
Martian Life Could Have Evaded Detection by Viking Landers,surprise
The sweet tune of an anniversary,joy
Did Viking Probes Miss Life on Mars?,surprise
Diplomat acknowledges US arrogance in Iraq,anger
More Human Remains Found at Ground Zero,sadness
How to Prevent Iraq From Getting Even Worse,fear
Tensions as Hungary marks uprising,fear
Stanford study warns of Internet addiction,fear
No evidence of ice reserves on the moon,sadness
A Picture and A Thousand Words,anger
Parachutist dies at bridge-jump festival,sadness
US Troops Killed In October In Iraq,sadness
"Chefs not counting calories, study finds",sadness
Deaths linked to flu vaccine,sadness
Perfect lives lose their focus,joy
Bread-Heavy Diet Linked to Kidney Cancer,fear
Beating poverty in a small way,joy
Israel insists on Lebanon overflights,anger
Britain to restrict immigrants from new EU members,disgust
Confusion Reigns In the Expanding Digital World,surprise
Game on! London exhibition celebrates the history of video games,joy
Making peace from victory over poverty,joy
Marine killed in fighting west of Baghdad,sadness
Scientists create first cloaking device,joy
Amateur rocket scientists reach for space,joy
Confusion Reigns In the Expanding Digital World,surprise
Deaths linked to flu vaccine,sadness
Israel admits using phosphorous shells in Lebanon,sadness
4th person dies after receiving flu shot,sadness
Police and shoppers targeted in growing Iraq violence,fear
Scientists discover miracle in the depths,surprise
Doctors Seeing Patients Who Think They're Internet Addicted,sadness
China launches two satellites into orbit,joy
Vegetables May Boost Brain Power in Older Adults,surprise
Hurricane Paul nears Category 3 status,fear
"Russian ship sinks, 18-member crew missing",sadness
Iran's president urges higher birth rate,surprise
Apple set for massive market gains,joy
Tumor Types May Explain Survival Rates for Cancer,sadness
Routine mission turns into hunt for missing comrade,sadness
Bad weather slows S.Korean search for Russian ship,sadness
Tailors and housewives busy as Muslims celebrate Eid,joy
Active peace brings the promise of development,joy
Abbas condemns Israeli massacre in northern Gaza Strip,disgust
"Bangladesh ferry sinks, 15 dead",sadness
Bucs find a new kick in life,joy
Google to unveil election mashup,surprise
Police warn of child exploitation online,disgust
Breast Cancer Awareness is Important,fear
Hungary police tackle violent protestors,sadness
Three drivers had reason to be proud in Brazil,joy
Celebrities Protest Malibu Gas Facility,joy
Lebo: A life lived on the edge,anger
"Presto! He's Batman, then magic man",surprise
"Heavy use of mobile phones can make men infertile, scientists say",fear
Russian ship sinks in Pacific,sadness
China Successfully Launches Two Satellites,joy
Prestige has magic touch,joy
"Lies, damned lies, and divorce",sadness
Manning inspires Giants to victory in Dallas,joy
Riot warning for France suburbs,sadness
Full recovery expected for marathon winner,joy
Sony apologises for global battery recall,sadness
Questions on credit card safety,fear
Budapest calm after night of violent protests,anger
Vegetables May Boost Brain Power in Older Adults,joy
Report criticises US press freedoms,anger
French suburb riots could resume,fear
Photographer kidnapping condemned,disgust
Photographer kidnapped in Gaza,disgust
Baseball: Rogers enjoys his muddied streak,joy
"Cultural revolutionary, the iPod is five",joy
Life on Mars? Maybe We Missed It,surprise
Three found alive from missing Russian ship -report,joy
Moderate drinking reduces men's heart attack risk,joy
The sweet tune of an anniversary,joy
Inconvenient truths,anger
Dating difficult for Harry Potter,surprise
Students lose their rite of passage,sadness
Putin vows to tackle illegal immigration,anger
Ottawa must redefine 'terror',fear
"Britain to Limit Workers from Romania, Bulgaria",fear
Top General Optimistic on Iraq,sadness
Kim Osorio Wins Sexual Harrassment Suit Against The Source,joy
Silly and substantial,joy
Official laughs for Borat,joy
Speaker Hastert testifies before panel probing sex scandal,disgust
On Educating Sexes Separately,anger
Tom Cruise and Katie Holmes set wedding date,joy
Martian Life Could Have Evaded Detection by Viking Landers,surprise
Ukraine gas deal marred by fears,fear
Marathon victory comes at heavy cost,joy
College tuition continues climbing,anger
German paper shows soldiers desecrating skull,disgust
"War is close, Ethiopia tells Somali rebels",fear
Advantage Cardinals with Suppan in Game 4,joy
NASA spacecraft to measure Sun,joy
"Sony Hates Europeans, Will Prevent The Importing of PS3",anger
Flu Vaccine Appears Safe for Young Children,joy
Google To Launch Yet Another Search Tool,joy
Tropical Storm Paul's Outer Bands Hit Mexico's Baja California,sadness
Israeli Bomblets Plague Lebanon,fear
"New Indonesia Calamity, a Mud Bath, Is Man-Made",anger
U.S. Weighs Sanctions Against North Korea,anger
"Rice, in Baghdad, Insists That Iraqis Are ",anger
Senator Says U.S. Should Rethink Iraq Strategy,sadness
German Chief Forges Accord on Financing Health Care,joy
Turkish Writers Say Efforts to Stifle Speech May Backfire,anger
Kurdish Lawmaker Killed in an Attack in Baghdad,fear
Anti-U.S. Attack Videos Spread on the Internet,anger
"Women Face Greatest Threat of Violence at Home, Study Finds",disgust
Appeal by Chinese Researcher for Times May Soon Be Heard,joy
Brazil Air Force Cites Faults and Confusion in Fatal Crash,sadness
A Mix of Oil and Environmentalism,fear
Immigrants and French Reach Deal in Standoff,joy
Genghis Khan Beer? Mongolia Grimaces,anger
Dead Bachelors in Remote China Still Find Wives,surprise
"Managua Journal: Hold the Mojito and Margarita, Nicaragua Has el Macu",anger
Paris Journal: Smoking No Longer Tres Chic in France,joy
An Old Letter Casts Doubts on Iran's Goal for Uranium,surprise
U.S. Warns North Koreans About Nuclear Test,fear
Global Sludge Ends in Tragedy for Ivory Coast,sadness
Equipment on Plane in Brazil Collision May Have Been Faulty,sadness
"New Indonesia Calamity, a Mud Bath, Is Man-Made",sadness
Iraqi Journalists Add Laws to List of Dangers,fear
U.N. Force Is Treading Lightly on Lebanese Soil,fear
Cleric Said to Lose Reins Over Part of Iraqi Militia,sadness
"Citing Spy Agencies' Study, Democrats Seek Iraq Changes",surprise
Opera Canceled Over a Depiction of Muhammad,sadness
Military Officials Add to U.S. Criticism of Iraq's Government,joy
Teacher in Hiding After Attack on Islam Stirs Threats,fear
Combative Bush Releases Parts of Terror Study,fear
Growing Unarmed Battalion in Qaeda Army Is Using Internet to Get the Message Out,fear
"Iraqi Linked to Sunni Bloc Is Held in Plot, Military Says",fear
"Seduced by Snacks? No, Not You",disgust
Friends for Life: An Emerging Biology of Emotional Healing,joy
"Alzheimer's Drugs Offer No Help, Study Finds",sadness
"Across Europe, Worries on Islam Spread to Center",sadness
Cooking Defines Sephardic Jews at Sukkot,joy
"Fitness: Bodies in Motion, Clean and Sober",joy
In God's Name: Religion-Based Tax Breaks: Housing to Paychecks to Books,joy
"Yankee Dies in Plane Crash, Official Says",sadness
An Elephant Crackup?,sadness
"With YouTube, Grad Student Hits Jackpot Again",joy
Dow flirts with record highs again,joy
Tropical Storm Isaac forms in Atlantic,fear
New Iraq terror tape calls for abducting foreigners,fear
'Deep regret' for ex-HP exec,sadness
'Opportunity' knocks on geologist's dream crater,joy
Squirrel jumps boy in park; rabies suspected,surprise
Girl left comatose after dental visit dies,sadness
Porn star candidate campaigns on campus,disgust
School ends football season after 0-4 start,sadness
Charlie Sheen to become highest-paid sitcom star,joy
Jon Stewart mocks benefits of CNN's I,surprise
Ashton Kutcher tells secret to Ryan Seacrest,surprise
Nails-on-chalkboard study earns Ig,disgust
Gunman 'fine' before shooting,sadness
Marijuana may stave off Alzheimer's,surprise
Kentucky seeks alcohol huffing ban,joy
Toddler died from tainted spinach,sadness
Judge dismisses Karr's porn case,surprise
10 die in 22-hour Kashmir standoff,fear
Slain Amish girls laid to rest,sadness
"5,000 flee plant fire",fear
Cher auction fetches double pre-sale estimates,joy
Stars scuffle on 'Grey's Anatomy',disgust
Probe under way in Yankee crash,sadness
Amish schoolhouse torn down,sadness
Warner will not run in '08,sadness
Reid land deal under scrutiny,surprise
"Flooding washes out road to Valdez, Alaska",sadness
Briton admits U.S. bomb plot role,sadness
Commentary: Minutemen have a right to be idiotic,anger
Madonna files adoption papers,joy
Gunmen kill 9 at Iraqi TV station,fear
Hastert sorry for scandal but not quitting,sadness
Ex-JonBenet suspect: Child porn case dropped ,anger
"Waste plant fire forces 5,000 to evacuate ",sadness
Toddler died from E. coli tainted spinach ,sadness
Disturbing finds in child sex raids ,disgust
Magazine lists women who had abortions ,anger
"Pot smokers may avoid Alzheimer's, study says ",surprise
Student starts white men's club on campus ,sadness
Kentucky wants to ban alcohol inhalers ,surprise
Peter Pan flies into chapter two ,surprise
Teen repellent inventor wins infamous prize ,joy
"Cher's dress, car, bed have new owners",joy
"Dow hits new record, eyes 12,000 ",joy
Ex-Virginia gov not running for president ,surprise
Yankee pitcher's pilot log found ,surprise
Dem leader's $1 million land deal under scrutiny ,anger
"Dad locked up son, watched on TV, police say ",sadness
Navarrette: Minutemen have a right to be idiotic ,sadness
"Pit bulls jump miniature pony, leave her bloody ",sadness
Alaska town cut off from rest of state by flood ,fear
Trailblazing trio protects City by the Bay ,joy
Madonna files adoption papers in Malawi,joy
'Dr. McDreamy' choked in 'Grey's' scuffle ,sadness
"$10,000 poetry prize awarded ",joy
Las Vegas honour for tiger pair ,joy
UK characters boosting box office ,joy
Cher items snapped up at auction ,joy
Griffiths scorns Withnail 'play' ,disgust
Lily Allen wins web music award ,joy
Costner appeals in casino wrangle,anger
Beyonce copyright claim rejected ,anger
Cohn gunman jailed for 36 years ,joy
Melua's deep sea gig sets record ,joy
Sri Lanka clashes kill 129 troops ,sadness
Gunmen kill 11 in Iraq TV raid ,sadness
Italy drops Sicily bridge plans ,surprise
Amish killings school demolished ,sadness
Pamuk wins Nobel Literature prize,joy
Madonna adoption bid approved ,joy
Man admits UK-US terror bomb plot,fear
Who are you calling fat?,disgust
Test to predict breast cancer relapse is approved,joy
"Two Hussein allies are hanged, Iraqi official says",sadness
Sights and sounds from CES,joy
Schuey sees Ferrari unveil new car,joy
Closings and cancellations top advice on flu outbreak,fear
Trucks swallowed in subway collapse,sadness
Sarkozy letter surprises French cartoons hearing,surprise
"Building a memorial to a son, one child at a time",sadness
Lawmaker seeks iPod ban in crosswalks in New York,surprise
Diabetic waits months for eyeglasses,sadness
Sudan tells United Nations envoy to leave in 72 hours,surprise
5000 years on but couple still hugging,surprise
Defense to challenge Russert's credibility,surprise
"Ozzy, a Hero for the hard-rocking masses",joy
CIA leak trial summary,surprise
Dance movie takes over No. 1,joy
Asian nations urge Myanmar reform,surprise
"After Iraq trip, Clinton proposes war limits",joy
7 dead in apartment building fire,sadness
Male sweat boosts women's hormone levels,surprise
Carphone Warehouse's mixed signals,surprise
Democrats plot Bush troop increase censure,surprise
Cisco sues Apple over iPhone name,anger
BB star Jackson denies Goody comments,disgust
Inter Milan set Serie A win record,joy
US Airways boosts bid for Delta,surprise
Press sees hope in Mecca talks,joy
Bears fan loses bet and changes name,surprise
Global National	Major child porn ring bust,disgust
'Human hair' clue in hunt for airliner,surprise
Johnny Depp to make movie of spy poisoning,joy
Really?: The claim: the pill can make you put on weight,surprise
5 money makeovers,joy
TBS to pay $2M fine for ad campaign bomb scare,fear
"""Stomp the Yard"" has winning moves in its weekend debut",joy
"Discovered boys bring shock, joy",surprise
Bernhard set to leave Volkswagen,sadness
Pacers' Jackson misses gun hearing,fear
Cases: when the simple solution is the right one,joy
Two Muslim groups sue French newspaper International,anger
Golden Globes on their way,joy
"At New OZZFEST, Freedom Ain't Free",surprise
Federer handed tough Aussie draw,sadness
Protesters end strike as Nepal PM concedes demands,joy
"Turner pays for Boston ""bombing""",fear
Two detained in body parts mailing,disgust
Essay: about that mean streak of yours: psychiatry can do only so much,sadness
Hussein's niece pleads for father's life,sadness
Sarkozy heads for clash in cartoons row,anger
Global web of suspects in child-rape download,anger
Blake defeats Moya to retain title,joy
"Storms kill, knock out power, cancel flights",fear
Aquarium puts ailing beluga whale to sleep,sadness
"Microsoft, Sony, we have a problem",surprise
A police state? The issues,fear
Move to ban iPods from crossing the street,surprise
India's Taj Mahal gets facelift,joy
Cheney to Congress: Can't run Iraq war by committee,anger
Ganguly handed India squad call-up,joy
Fortune: Looking beyond the iPhone,joy
Really?: The claim: the back seat of a car is the safest place to sit,surprise
Vaccine mandate upsets legislators,anger
News analysis: Iranian boast is put to test,fear
Panel issues bleak report on climate change,fear
Virtual 'American Idol' hits right notes,joy
"Iraq car bombings kill 22 People, wound more than 60",sadness
'Stomp' steps to No. 1 at box office,joy
Google executive acts as goodwill envoy,joy
Filipino woman kidnapped in Nigeria,fear
"Seahawks, Bears vie for shot at NFL title",joy
Brown not buried as estate issues loom,sadness
Will Rob Cohen Direct Third 'Mummy'?,surprise
EU will urge China to go green,joy
17th-Century Remedy; 21st-Century Potency,surprise
Forecasters expect toasty 2007,fear
'Sunshine' Goydos wins Sony open,joy
Teacher charged with sex assault,disgust
Merck: Gardasil may fight more strains,joy
"Mountain glaciers melting faster, United Nations says",fear
Snow causes airport closures in Britain,sadness
Bananaconda inventor is top poet of kids,joy
Shareholders sue Apple,anger
Israelis retaliate after attack by Lebanese Army,fear
Deadly bird flu confirmed in British Turkeys,fear
Too little sleep may mean too fat kids,surprise
Bathing mom awakes to find baby dead,sadness
Visitors to Eiffel Tower climb to record in 2006,joy
"More sleep, healthier slimmer children ",surprise
Queen battles Bond for Baftas,joy
"Walters on Trump: 'Poor, pathetic man'",sadness
"Ice storm smacks roads, power",fear
Iran says it will strike US interests if Attacked,fear
Palestinian factions to resume talks,joy
Study: men's sweat triggers high sexual arousal in women,surprise
Outcry at N Korea 'nuclear test',fear
Russia plans major military build-up,fear
Archaeologists find remains of couple locked in a hug,surprise
Stenson defends his title at Dubai,joy
Taking the plunge,fear
Updates on world's top stories,joy
Man rides stationary bike for 85 hours,surprise
Ice storm coating Midwest,fear
A Mistrial for Lieut. Watada,anger
Iran warns will hit back at US if attacked,fear
ASEAN talks end on energy-security,joy
"Iraqi death toll exceeded 34,000 in 2006, United Nations says",sadness
Israel intensifies military flights over Lebanon,fear
New gadgets galore at tech show,joy
Another death at Georgia Aquarium,sadness
US to urge Nato Afghan spring offensive,fear
UK letter bombs may be from extremist drivers,fear
Asia seeks breakthrough on North Korea,surprise
Federer overcomes a ragged start,joy
Rowdy fans ejected from the Open,anger
Terai protesters hail 'historic' victory over government,joy
Anger at release of two held over beheading plot,anger
Bush adamant on troops to Iraq,anger
Bebe Neuwirth gets to 'wiggle again',joy
Beckham to L.A.: For the game not fame,joy
Sleep more to fight childhood obesity,surprise
Abbas rejects temporary state,sadness
Investigation of child porn site hits 77 nations,disgust
Sleuths close in on Odysseus home,surprise
Variety: Johnny Depp to make movie of spy poisoning,surprise
Ice storm cripples central U.S.,fear
Park stars as United maintain lead,joy
Prehistoric Romeo and Juliet discovered,surprise
India's famous landmark gets facelift,joy
Joseph Wambaugh's new start,joy
Participant in water-drinking contest dies,sadness
Apple drops bombshell with iPhone,surprise
Bollywood's 'Brangelina' engaged,joy
"Shiite fighters arrested in crackdown, Iraq says",fear
"Rio De Janeiro journal: drawing lines across the sand, between classes",sadness
Models' health guidelines -- will they help?,surprise
Stepping back in time at ski resort,joy
Test cricketer jailed over killing,sadness
Walnuts 'combat unhealthy fats',joy
Apple to Vista upgraders: 'Wait',surprise
Injured Sarwan to miss one-dayers,sadness
Firms on alert for letter bombs,fear
Studios sign off on movie downloads,surprise
Asif returns with four-wicket haul,joy
"Bush authorized Iranians' arrest in Iraq, Rice says",anger
Porn ring scandal reaches Australia,disgust
Deputy health minister arrested in US-Iraqi raid,sadness
Senator Carl Krueger thinks iPods can kill you,surprise
"Finally, Senate okays anti-terror bill Manila",joy
Somalia declares state of emergency,fear
Matt shines with his Alpine finish,joy
BP CEO Browne to step down in June,sadness
An iPhone by any other name? Surely not,surprise
Life in Gaza steadily worsens,sadness
The energy challenge | Exotic visions: how to cool a planet (maybe),surprise
"Easy ways to (really) save $400,000",joy
Shareholders sue Apple,anger
Findings: Can humanity survive? Want to bet on it?,fear
Iran steps up production of weapons-grade uranium,fear
Rig-threat cargo ship towed ashore,fear
Palestinians say clashes hurt their cause,sadness
Male sweat can raise hormones,surprise
Vital Signs: Hazards: Antidepressant linked to fractures in older people,surprise
Peron held over '70s rights abuses,sadness
Space life search turns to TV,surprise
"Super Bowl ads of cartoonish violence, perhaps reflecting toll of war",sadness
YouTube told to drop celeb sex video,surprise
City sets up ice storm shelters,fear
Libby prosecutors await judge's rulings,sadness
Review: 'Alpha Dog' misses the point,sadness
Republicans plan to block Iraq debate,anger
Mixed reaction to China's Africa push,surprise
Snowed in the Canadian Rockies,joy
"Skip the showers: male sweat turns women on, study says",surprise
Gently Weeps' lyrics sheet up for sale,joy
Canete wins inaugural Joburg Open,joy
Rights group halts violent Nepal strikes,joy
Real suffer Carlos injury setback,sadness
Astronaut may have buckled under stress,sadness
Gunmen abduct Filipino woman in Nigeria,fear
NFL team's fan of the year: 'Flag Lady',joy
No 10 rejects police state claim,surprise
Malaysian AirAsia X to fly in July,joy
10 kidnapped at Nigeria oil base,fear
Guy sweat is babe magnet,surprise
Township tourism booming in South Africa,joy
'Alpha Dog' misses the point,surprise
Iran leader pays Nicaragua a visit,surprise
"'Grey's,' 'Pirates' lead People's Choice",joy
Terror network,fear
Now it's official: Iraq's a mess,sadness
Snow brings travel misery to England,sadness
James Brown's 5-year-old son left out of will,surprise
Two men killed by London tube train,sadness
US millions fail to buy influence in deadly Gaza power play,sadness
PLO ministers agreed upon in Mecca,joy
Squadron apologies over 'friendly-fire' death,sadness
New Orleans violence sparks tourism fears,fear
Friendly fire pilot 'experienced',fear
SPACE.com: Black hole triplets spotted,surprise
Vaccines: Mandate or choice?,surprise
"Congolese soldiers riot, loot over pay issue",anger
Commodities lead Europe higher,joy
Ingredient in male sweat raises women's hormone levels,surprise
Goetschl ends Austrian win drought,joy
Doomsday Clock ticking away,fear
Troops massing around Somali town,fear
Tariq Ramadan has an identity issue,surprise
Peretz orders IDF to respond with force to north border attacks,anger
Trains crash near Thai resort town,sadness
"Hamas, Fatah return to unity gov't talks in Mecca",joy
Pats' fourth-quarter rally finishes Chargers,joy
7 Die As US Helicopter Crashes in Iraq,sadness
Millionaire secret Santa dies,sadness
Morrissey may cheer up Eurovision,joy
Christian values guide Dungy and the Colts,joy
Israeli woman's tirade spurs PM outrage,anger
Passing exchange becomes political flashpoint,anger
Police probe 2 church fires half mile apart,sadness
Italy to try US soldier for agent's Iraq death,anger
Depp to star in spy poisoning film,joy
'24's' Jack Bauer returns,joy
US Airways boosts bid for Delta,surprise
"Even before its release, world climate report is criticized as too optimistic",fear
"Second hanging also went awry, Iraq tape shows",sadness
Howell takes one shot lead in Sony Open,joy
Psych checks reviewed after astronaut's crack-up,sadness
"Pap Test, a mainstay against cervical cancer, may be fading",surprise
Martins leads Newcastle fightback,joy
PS3 pricey but impressive,joy
Pluto's revenge: 'Word of the Year' award,joy
European Space Agency,joy
Hackers strike at key Internet servers,anger
Hussein co-defendants executed,sadness
Memo from Frankfurt: Germany relives 1970s terror as 2 seek release from jail,fear
Blissing out in Ojai,joy
"Houston, she's got some problems",sadness
Amazon.com has 'best ever' sales,joy
Hackers attack root servers,anger
Video games can improve your vision,surprise
Internet attacked! (Did anyone notice?),surprise
"In Washington, contractors take on biggest role ever",surprise
Floods force Malaysia evacuations,sadness
"On MySpace, girls seek friends, boys flirt",surprise
Tests of drug to block H.I.V. infection are halted over safety,fear
Zoo polar bear to have root canal,sadness
Europe take big Royal Trophy lead,joy
Israel to install cameras to show live Mughrabi footage,joy
'We lit our last candle yesterday',sadness
Google buys YouTube for $1.65bn,surprise
PSP number one Sony platform in Japan,joy
England include Giles in WC squad,joy
Beckham 'won't play again for Real',sadness
Eight years for Damilola killers,sadness
PC World editor slain at California home,sadness
Hands on 'Doomsday Clock' move forward,fear
Zach Braff says he has 'mild depression',sadness
Investigation of child porn site hits 77 nations USA Today,disgust
Science panel calls global warming unequivocal,fear
News Baby pandas! Baby pandas! Baby pandas!,joy
Get ready for the earnings,joy
Germany agonizes over a brain drain,sadness
Iran and Nicaraguan leaders meet,joy
Secret hotels in Irish countryside,surprise
Fine wines in British Columbia,joy
Philippine president welcomes Senate approval of anti-terror bill ,joy
"Small jet crashes on takeoff, killing 2",sadness
"Bigger, more aggressive rats infesting UK",fear
Travel+Leisure: Next island hot spot: St. Lucia,joy
Real Mallorca rock leaders Sevilla,joy
Iran's boast on uranium enrichment is put to test,fear
"Personal health: for teenagers, the car is the danger zone",fear
Bird watchers flock to see rare owl,joy
Eye on cosmos is lost to short circuit on hubble,sadness
Too young for this: facing cancer under 40,sadness
Unilever group names new chairman,joy
Minister slams airlines on carbon,anger
Rare optimism as North Korea talks reach crossroads,joy
Man beheaded in southern Thailand,sadness
China's 'nightmare scenario',fear
Annual diving contest in South Korea proves a chilly challenge,surprise
Blair says he regrets delays in British soldier's inquest,sadness
Iraqi forces detain official suspected in Shia conspiracy,fear
Wellcome awards anti-fat research,joy
Fingers crossed for North Korea,joy
"No intention of war with Iran, US says",joy
What Newsom faces in aftermath of scandal,fear
Maggie Gyllenhaal's Globes babysitter: Mom,joy
"As inflation soars, Zimbabwe economy plunges",sadness
Pledge: I was abused in frat hazing,disgust
Experts: Fear likely shackled boy,fear
What's behind the chopper crashes in Iraq,fear
"Freed Muslim terror suspect says Britain is ""police state""",fear
Blair apologises over friendly fire inquest,sadness
Depp 'to make Litvinenko movie',joy
Why gas follows oil up but not down,surprise
"'Cravings' still there, sez Tara",joy
Bill would strip convicted legislators of pensions,sadness
Bears watch as lead slips away,sadness
"In clue to addiction, brain injury halts smoking",surprise
"In rigorous test, talk therapy works for panic disorder",joy
Rice: U.S. won't pull plug on Iraq,joy
"On road to Kosovo independence, a warning: go slow",fear
Mistrial for officer who refused to go to Iraq,sadness
Rebels to join Nepal parliament,surprise
"EMI warns on profits, boss goes",fear
Subway collapse caught on camera,sadness
Stinky but true: men's sweat is made for love,surprise
"POLITICS-US: reprieve for officer who denounced ""Immoral War""",joy
Hunters stalk world's tallest trees,sadness
Fuel spill may lead to missing jet,fear
"Sri Lanka floods displace 60,000",sadness
"Justin Timberlake, Cameron Diaz announce split",sadness
Iran to hit US interests if attacked,fear
Israel says hopes to keep Lebanon border calm,joy
Cisco sues Apple over iPhone name,anger
Two Palestinians killed near fence,sadness
EarthLink CEO dies at age 49,sadness
"A star dies, a family feud is born",sadness
"Carter was a disaster, said Ford",anger
Super Bowl MVP Manning insists he's one of the guys,joy
Personal health: the importance of knowing what the doctor is talking about,fear
Israel's Peretz urges halt to contentious Jerusalem construction,anger
Peter Jackson will never work for me again,anger
U.S. keeps Iran options open,joy
European shares hit fresh highs,joy
"For women, nothing's like the smell of men's sweat",surprise
Looking beyond the iPhone,surprise
Freed kidnap suspect: my terror at police raid,fear
"Far away, Super Bowl's losers will be champs",joy
Woman dies after water binge,sadness
Mancuso sparks U.S. celebrations,joy
ASEAN urges North Korea resolution,fear
Late penalty costs Roma the points,sadness
Mistrial declared in teacher-student rape case,sadness
'Bookworm Adventures' wordsmith's joy,joy
Kylie's love split,sadness
iPod good for video games,joy
Review: virtual 'American Idol' hits right notes,joy
Leo battles himself,joy
Attorneys point fingers in fight between Ryan O'Neal and son,anger
John Grisham set for court drama,fear
"Bill Gates and Craig Mundie: vista is Secure, employees are not",surprise
Iraqis fault delayed U.S. plan in attack,anger
Boy Scouts blamed for starting wildfire,fear
China urges UN action on N Korea,fear
"Scorpion on a plane, a pantful of pain",fear
Male sweat boosts women's hormone levels,surprise
Mbeki on the big visit from the Chinese,surprise
French right nominates Sarkozy,joy
"Israeli, Lebanese clash on border",fear
North Korea claims nuclear test,fear
Talks begin on Somalia peacekeepers,joy
Action games improve eyesight,surprise
"A small part of the brain, and its profound effects",surprise
IDF shells Lebanese Army positions across northern border,fear
Thailand: missing 25 years after taking wrong bus,sadness
Ballerina sparks anti-fascist row,anger
Internet boom in China is built on virtual fun,joy
Review: PS3 pricey but impressive,joy
Machinery orders drive Asia upward,joy
'Lost's' Fox: 'I'm a liar and a cheat',disgust
Russia to strengthen its military muscle,fear
"At Libby trial, Russert of NBC gives and gets",fear
North Korea ready to discuss first steps to nuclear resolution,joy
Victim: Gunman bought drink after shooting,surprise
Ferrer victorious in Spanish duel,joy
UK workers on alert for letter bombs,fear
Did NASA accidentally kill life on Mars?,surprise
"New vaccine for cervical cancer could prove useful in men, too",joy
Search on for victims of subway collapse,sadness
Human error caused Helios crash,sadness
US to prod NATO allies for more troops to defeat Taliban,fear
Microsoft supports OpenID authentication standard,joy
No buyer in sight for Napster,sadness
"Briefly: preloaded iPods, Wal-Mart movies, Apple stores",joy
China says rich countries should take lead on global warming,sadness
North Korea may begin to dismantle nukes,joy
Tracking down hi-tech crime,joy
Barack Obama formally announces bid for president,joy
Kidnappers seize two in Nigeria,fear
"Indonesia may sell, not give, bird flu virus to scientists",fear
"Attack video saddens ""friendly fire"" widow",sadness
Europe retain trophy with big win,joy
Cutting edge accessories for digital music players,joy
Ice storm descends on central U.S.,fear
Snow brings travel misery to England,sadness
"Indonesia flood forces 340,000 from homes",sadness
Iraqi health minister seized in raid ,surprise
Ice storm brings chaos in U.S.,fear
Stinky flower mystery solved,joy
Congressman rebukes U.S. allies for lack of support in Afghanistan ,anger
Roddick overcomes Federer in final,joy
Prehistoric Romeo and Juliet discovered,joy
Donald and Goydos share Sony lead,joy
U.S. and Iraqis are wrangling over war plans,fear
Sea search for missing Microsoft scientist,sadness
Iran to Hit US Interests if Attacked,fear
Blair: Terror battle will be long,fear
Bear cub returned to the wilderness,joy
Carrefour sales growth falls short,sadness
"Allied with democrats, Lieberman easily aligns with Republicans",surprise
"In the Rockies, pines die and bears feel it",sadness
Iran to strike US interests if attacked,fear
"Nipple covers, other star secrets",disgust
Apple: no iTunes for you if you have Vista!,surprise
Smokestacks in a white wilderness divide Iceland,sadness
That'll cost ya,anger
Botched hangings in Iraq speed sectarianism,fear
Male sweat raises female hormones,surprise
7 GOP senators to force debate on troops in Iraq,joy
Bangladesh ends curfew amid unrest,joy
Italy's dispute with US over Iraq shooting,anger
Here come the Globes!,joy
Snow causes transport chaos in Britain,sadness
Snow causes airport closures in Britain,sadness
"Second opinion: girl or boy? as fertility technology advances, so does an ethical debate",surprise
Heavy snow causes travel chaos and shuts schools,fear
Barbaro's legacy: saving other horses,joy
Luxury digs in South Carolina's Lowcountry,joy
Dozens killed in Baghdad bombing,sadness
Ice storms kill 21 across nation,sadness
De Villiers takes over Dakar lead,joy
Vietnam becomes WTO's 150th member,joy
South African trio share advantage,joy
Observatory: poison begets poison,fear
Action intensity boosts vision,joy
Why the smell of a man's armpit is a turn-on,surprise
Nokia 5300 Xpress Music,joy
"Dell to cut bonuses, trim management",sadness
"Second drop in cancer deaths could point to a trend, researchers say",surprise
TV game shows go interactive,joy
Boy missing since 2002 found alive,joy
"US, North Korea signed nuclear memo",joy
Russia honors Sputnik designer,joy
"In Kenya's capital, a sense that danger is ever stronger",fear
"Bill, thanks for the RSA memories... and laughs",joy
Friendly fire pilot 'experienced',sadness
MySpace welcomes French friends,joy
Airlines: UK airport runway unsafe,fear
The amounts you have to pay for a bomb scare,fear
"In Egypt, Rice speaks softly",joy
"Weekly Nielsen Yvonne De Carlo, 'Munsters' star, dead",sadness
Senate votes to revoke pensions,sadness
EarthLink CEO dies at age 49,sadness
Software giant SAP misses target,sadness
Vital signs: mental abilities: folic acid may improve thinking skills,surprise
De Villiers stretches overall lead,joy
Families celebrate return of sons,joy
China detains 2 after body parts found in mail,fear
North Korea ready to discuss nuke disarmament,joy
"For women, nothing's like the smell of men's sweat",surprise
Nadal wants Australian Open crown,joy
Beijing journal: Olympic construction unearths ancient treasure trove,joy
"Chinese president arrives in Mozambique, African tour nearly over",joy
Reclusive 'Mockingbird' author attends show,joy
"Asia near pact on energy, security",joy
Philippine anti-terror law delayed until June,fear
Ex-suspect slams anti-terror laws,anger
Study detects a gene linked to Alzheimer's,joy
Panda cub makes her debut,joy
Harris haul puts South Africa on top,joy
Weight-loss drug to be sold over the counter,joy
Beckham outlines reasons for move,joy
Study finds gritty air raises heart disease risk in older women,surprise
"Venezuela, Iran fight U.S. dominance",anger
'Housewives' star Marcia Cross on bed rest,sadness
Blog: Here come the Globes!,joy
Greek police hunt embassy attackers,anger
Apple warns iTunes users to wait on Vista,surprise
Tsunami fears ease after quake,fear
China considers Eurobond reserves,joy
Underarm bowls them over,surprise
At least 130 die as blast levels Baghdad market,sadness
New McCain team made attack ads he once faulted,anger
Deaths as bird flu flares in Asia,fear
"Hamas, Fatah leaders pledge to meet until they reach agreement",joy
Officers had 'rapport' with alleged abductor,disgust
No e-Book for Harry Potter VII,sadness
Review: Nokia 5300 Xpress Music,joy
'Can't do this anymore'? Not Jack,surprise
Black hole triplets spotted,surprise
Israel weighs old city project webcast,surprise
Indonesian bird flu deaths hit 61,sadness
Somali refugees cut off from aid,sadness
Microsoft downplays Vista speech-recognition hack,joy
Next island hot spot: St. Lucia,joy
Italy to hold no-show trial of Bronx GI in Iraq slay,anger
Rescued boys parents hail 'miracle',joy
Canadians tracked in child porn ring,disgust
Teen hacks Venezuelan government Web sites,surprise
"Russia plans new ICBMs, nuclear subs",fear
Gere cheers sex workers in AIDS fight,joy
Study: Male sweat causes female hormones to rise,surprise
Collision on icy road kills 7,sadness
Surprise: China cuts price of gas,joy
What the Godfather of Soul meant to me,joy
New Mars orbiter spots Pathfinder landing site,joy
Mass Venezuela opposition rally,anger
Glamour -- and 'Borat' -- at Golden Globes,joy
Terror officials see Al Qaeda chiefs regaining power,fear
"Ivrea journal: In Italian town, a civics lesson from pelting neighbors",surprise
Iraqi sunni lands show new oil and gas promise,joy
Princess and heir of Franz Ferdinand fights to repeal a law and gain a castle,joy
"A film star in Kampala, conjuring aminos ghost",fear
Militants attack U.S. base in Iraq,fear
North Africa feared as staging ground for terror,fear
"Iran says Sunnis, using Pakistan as base, planned fatal bombing",fear
Anglicans rebuke U.S. branch on same-sex unions,anger
Homemade bombs kill 65 on Indian train,sadness
Al Qaeda chiefs are seen to regain power,fear
Chvez threatens to jail violators of price controls,anger
Bush declares Iran's arms role in Iraq is certain,fear
Accord on North Korea is announced,joy
U.S. says powerful Iraqi cleric is living in Iran,fear
"Baghdad plan is a success, Iraq prime minister tells Bush",joy
Iraqi sunni lands show new oil and gas promise,joy
"Dispute over Iraqi cleric, said to have gone to Iran",anger
Planning seen in Iraqi attacks on U.S. copters,fear
"In the world of life-saving drugs, a growing epidemic of deadly fakes",sadness
Basics: a mammal in winter with a furnace of her own,surprise
"Books on science: The problems in modeling nature, with its unruly natural tendencies",surprise
Believing scripture but playing by science's rules,surprise
"A familiar and prescient voice, brought to life",joy
Findings : A cool $25 million for a climate backup plan,surprise
Call it serendipity: a missing piece of Washington's war tent is found,joy
"Free Will: Now you have it, now you don't",surprise
Archaeologists find signs of early chimps' tool use,surprise
Wizardry at Harvard: physicists move light,surprise
The summit - a slap in the face of the Palestinians,disgust
Moscow says Palestine-Israeli contacts key to Mideast peace,joy
Mideast summit edns with little progress,sadness
India decries 'an act of sabotage',fear
Pakistan-India peace talks planned despite bombings,joy
"Czechs, Poles get missile warning",fear
Russia warns US against missile bases in East Europe,fear
"Cheney starts visit to Japan, Australia",joy
China: Cheney shores up the trilateral alliance,joy
Iraq insurgents attack US base,fear
US soldiers die in day of violence,sadness
Iraqi suicide attack kills two US troops as militants fight purge,sadness
Iran reneges on nuclear payments to Russia,fear
Top Colombia official resigns,sadness
Colombia FM resigns after relatives' arrests for militia links,sadness
Foreign minister of Colombia quits in scandal,disgust
New Zealand unlikely to allow crippled Japanese whaler,sadness
Damaged Japanese whaling ship may resume hunting off Antarctica,sadness
Japanese whaling ship won't accept help,disgust
Iran top N-envoy heads for Vienna for nuke talks,joy
Victims of Air India still wait for justice,sadness
Kanishka bombing case: Inquiry judge threatens to quit,disgust
Judge threatens to shut down Air-India inquiry,anger
Royal rescues presidential hopes with commanding performance,joy
Royal seeks to revive French bid,joy
Sarkozy comfort zone offers a royal opportunity,joy
"Hicks first in line for trial, Bush says",fear
Australia tells Bush to speed up Guantanamo trial,surprise
Howard presses Bush on terror suspect,fear
France ends toxic alert at Canadian embassy in Paris,fear
Paris police investigate package at Canadian embassy,fear
False alarm at Canadian embassy in Paris,fear
Afghan forces retake town that was overrun by Taliban,joy
Taliban seize rural district in southwest as police flee,fear
Afghan poppy war alienates farmers,sadness
Will North Korea honor pledge this time?,joy
Kim Jong-il bans Japanese cars in North Korea,surprise
Iran vs. North Korea: not all enemies are equal,anger
Catholic archbishop outlines Anglican merger hopes,joy
Anglican and Catholic churches could merge,joy
US helicopter crash kills 8 troops in Afghanistan,sadness
Eight US soldiers killed in Zabul helicopter crash,sadness
Arroyo lauds passage of anti-terror bill,joy
House passes anti-terrorism measure Manila,joy
Livingstone's transport empire may extend,joy
"London is pace-setter on congestion toll, says mayor",joy
Protest greets congestion charge's westward push,anger
"Thailand attacks kill three, injure 70",sadness
Thai Govt moves to smooth over relations with south,joy
Bombings say Muslim rebels won't negotiate,fear
Roots of autism more complex than thought,surprise
Largest ever autism study identifies two genetic culprits,surprise
Canadian breakthrough offers hope on autism,joy
Beware of peanut butter pathogens,fear
Experts offer advice on salmonella,joy
Experts issue new heart disease guidelines for women,joy
"For women, aspirin a day could keep stroke away",joy
High cholesterol raises stroke risk healthy women,fear
Cooked chicken breasts join tainted-food recalls,fear
Ready to eat chicken breasts recalled due to suspected listeria,fear
Fully-cooked chicken strips recalled ,surprise
Committee debates cancer vaccine plan,surprise
Stop cancer with a shot,joy
1 mln birds to be vaccinated from bird flu near Moscow,joy
Thousands tested after Russian H5N1 outbreak,fear
"Russian bird flu outbreak is deadly ""Asian strain""",fear
Bernard Matthews to lay off up to 500 workers,sadness
Matthews lays off 130 turkey workers,sadness
Reopening bird flu-hitfactory ignores risks - poultryman,fear
Goodbye to girlhood,sadness
Media cited for showing girls as sex objects,anger
Sexualisation 'harms' young girls,anger
A shot in the arm,fear
Thousands line up to get late flu shots,fear
King county offering some free flu vaccines,joy
Bush vows cooperation on health care,joy
Health returns as hot issue in '08 race,joy
Small-business owners find Bush health plan appealing,joy
Pediatricians say more cord blood is needed now,fear
Whether to save cord blood can be puzzle for parents,surprise
Retinal implant helping blind people see again,joy
"Indonesia ""will not share"" flu samples",surprise
Health Canada issues advice on canned tuna,fear
Cholesterol link in diabetes study,sadness
Pig cells hope for diabetes cure,surprise
Sick hearts switch on a fetal gene,surprise
Foetal mechanism helps heart failure,surprise
"Planned cesareans not risk-free, group warns",fear
Scientists tout cocoa's health benefits,joy
Feeding your brain: new benefits found in chocolate,joy
Some cocoa may improve brain blood flow,joy
Lawyer for deceased Nazi-era collaborator Papon vows to bury him ,anger
"Cocoa could be antidote to age-related diseases, says new study",joy
China denies reports of North Korean apology,surprise
Hungarian opposition calls for vote after violence escalates,anger
AU regrets Sudan's expulsion of UN envoy ,sadness
Bush officials: no big move in Iraq plan ,fear
Opponent is put on the spot over remarks about Clinton,surprise
House ethics panel talks to Hastert aide,joy
BellSouth says profit rises 30% on cingular earnings,joy
Enron boss gets 24-year sentence,sadness
Sony apologizes for battery recall,joy
Google unveils do-it-yourself search engine,joy
Firefox 2.0 hits the Web,joy
Oracle World opens with Dell unveiling AMD-powered computers,joy
Seahawks' QB Hasselbeck out 2-4 weeks,sadness
Marathon winner released from hospital ,joy
Punter charged with stabbing asks to live outside state,anger
Allmendinger joining Toyota team in NASCAR ,joy
Trying to assess the damage in Cleveland ,sadness
Bryant's boot may have salvaged Bucs' season,joy
This week in auto racing October 27 - October 29,joy
Merriman violation stuns ex-teammate,surprise
Bruce revells in upset,anger
Steelers' Roethlisberger has concussion,sadness
Arthurs upsets Robredo in first round at the St. Petersburg Open,surprise
Mbeki: 2010 World Cup Planning on Track,joy
Clinical Everton show Moyes means business,joy
MS Adds Office 2007 to Vista Coupon Program,joy
One search does not fit all,surprise
Apple's dark secret? The 39% claim,surprise
Bad weather cancels men's downhill,sadness
Cool millions for YouTube founders,joy
"London market a shopping, dining haven",joy
'Jackass' star marries childhood friend The secrets people reveal,joy
Audio Slide Show: A love story lasting 61 years,joy
Microsoft to release next generation phone,joy
Body Shop's Roddick has Hepatitis C,sadness
Teen allegedly armed by mom turns self in,fear
Oxfam: action needed for Chad,joy
Violence continues at disputed holy site,sadness
Storm leaves behind major travel troubles,sadness
3 U.S. troops killed hunting weapons cache,sadness
China's 'Friends' highlights Web freedoms,joy
NATO: Afghanistan peace 'by 2009',joy
Alaska's northern lights captivate Japanese,joy
Smith can't be buried until hearing,sadness
Spacewalker sets new U.S. record,joy
Fortune: India the Superpower? Think again,surprise
Kerry blasts 'escalation of misguided war',anger
Anna Nicole claimant: A prince of a guy?,surprise
'Ronnie' and Eto'o hug and make up,joy
Best of the Chicago Auto Show,joy
"'Grey's,' 'Betty,' 'Scrubs' get boost",joy
Massive mud traps dozens of families,sadness
"Edwards blogger quits, becomes journalistic martyr",surprise
Town packs gym to mourn 10 killed in fire,sadness
Spain ahead although Nadal is out,joy
ECB holds rates at 3.5 percent,joy
Iran rejects US claims of supplying weapons in Iraq,fear
Jakarta begins disinfection,joy
"Rowling 'heartbroken,' 'euphoric' at 'Potter's' end",sadness
Apple revs up Mac attacks on Vista,disgust
Fear hinders black marrow donation,fear
Texan allegedly joined Somalia rebel plot,anger
"U.S. to allow 7,000 Iraqi refugees",joy
Japan: Whaling activists 'terrorists',fear
'Hannibal' bites the big one,surprise
Women protest Pakistan demolition,anger
Wii news for gamers,joy
Democrats look beyond symbolic vote on Iraq,joy
Portugal to vote on abortion laws,surprise
Frustration rises as North Korea nuclear talks stall,fear
Horse teeth give details of ancient big chill,surprise
Scam lures victims with free puppy offer,surprise
Two Koreas to resume talks,joy
Mickelson driving force at masters,joy
England opt for Bopara over Loye,joy
Create own 'Thrillville' for a wild ride,joy
Edwards' campaign blogger quits amid Catholic controversy,surprise
Judge: Preserve Anna Nicole's body,sadness
"Dolphins, sea lions may report for duty soon",joy
Nasdaq-LSE battle nears deadline,fear
A personal plea for HPV vaccine plan,joy
U.S. opens door for Iraqi refugees,joy
Swiss plane crashes at Moscow airport,sadness
Study: napping might help heart,joy
MySpace sales surging,joy
"Telecoms giant slashes 12,500 jobs",sadness
Air France KLM profit rises,joy
Uganda parliament votes to send troops to Somalia,fear
King and queen reign at British film awards,joy
Murphys rule box office with 'Norbit',joy
Thousands rally in Lebanon,fear
Yahoo's mission quest,joy
Area should get 3-5 inches of snow today,joy
Miss Brazil wins lawsuit competition,joy
"Snow wreaks havoc in East, Midwest",sadness
The secrets people reveal,surprise
Research supports medicinal marijuana,surprise
All African amputee football games kick off,joy
Group: Video shows chopper go down,sadness
Sale of Chrysler possible,joy
Russia condemns terrorist acts on buses outside Beirut,sadness
Technology may save India's river dolphins,joy
Airbus A380 superjumbo takes off,joy
Naps are great for chaps,joy
Female astronaut sets record,joy
Corn stoves popping up in U.S. homes,surprise
Iraq closes borders with Syria and Iran,sadness
The troubling ending of 'The Departed',sadness
Vietnamese bank plans IPO listing,joy
Toyota's Scion parks in Second Life,surprise
Obama will run in 2008,joy
'Cagney and Lacey' finally coming to DVD,joy
Merkel: Stop Iran,fear
Salt Lake City mall shooter was teenager,sadness
Female astronaut sets record,joy
Oil holds at $58,joy
Obama announces presidential bid,joy
Tell your boss: Naps are good for you,joy
Serbia rejects United Nation's Kosovo plan,anger
Amish discuss shootings,sadness
"Jail me, I ate Ivory Coast chocolate",surprise
Can North Korea be trusted?,fear
Tourism lags in Bush's hometown,sadness
Astronaut's arrest tests NASA's mettle,surprise
Man gets second chance at space ride,joy
"Go ahead, take a nap, science says",surprise
Weekly Nielsen will 'Lost' find its way back?,joy
Brith Airways baggage charges cause confusion,surprise
Indonesian with bird flu dies,sadness
St. Louis poised for entertainment upswing,joy
New York City may ban iPods while crossing street,surprise
Boy allegedly told to kill by mom gives up,sadness
Gray wolves off endangered list,joy
Vista's hyped security will be tested,joy
UK police slammed over terror raid,fear
Mogadishu residents flee blasts,fear
Bomb kills 18 on military bus in Iran,sadness
"'WarioWare,' Wii make perfect fit",joy
U.S. at odds with cleric's aide,fear
Desperate Iraqi mother relies on militia for help,sadness
Full details of the EU report on Iran,surprise
Singer on Cowell: Glad he was mean,joy
Jones faces Europe meetings snub,sadness
Beckham goal helps Real snatch win,joy
Guinea: Plan offices close as country declares emergency,fear
Japan's economy grows,joy
United Nations peacekeepers raid Haitian slum,joy
Work starts on Arctic seed vault,joy
Social networking goes mobile,joy
"Beauticians cut, curl, offer stroke-prevention info",joy
"Siesta cuts risk of heart disease death, study finds",surprise
Thomas Cook to merge with MyTravel,joy
Nap your way to a successful career,joy
Village buried by 100 inches of snow,sadness
Oprah announces new book club pick,joy
The science of love ... and lust,joy
"Northeaster cancels flights, shuts schools",sadness
Napping may be good for your heart,joy
Ryan O'Neal injured son's girlfriend,sadness
Chrysler's Valentine's Day massacre,sadness
Madrid bombings trial begins,fear
Fight starts over HPV vaccine,disgust
Autos drive European gains,joy
James Brown's partner can get her things,joy
Auto show canceled,sadness
UK luxury maker Burberry: 'Made in China'?,surprise
On-the-job naps might cut heart risk,joy
"No. 1 Florida survives Rupp Arena, streak hits 16",joy
J.K. Rowling marks spot of 'Potter's' end,sadness
Gronholm takes a commanding lead,joy
Howard slams Obama on Iraq policy,anger
Manila hints at ransom approval,sadness
Champion Murray too good for Kim,joy
"G7: Yen skates by, yuan singled out",sadness
Gunman 'was Srebrenica survivor',surprise
Cutting through the clutter to get things done,joy
Mother: Lohan is doing 'great' in rehab,joy
Who's going to win at the Grammys?,joy
"Libby defense upsets judge, rests",surprise
Breakup rings find new homes,sadness
Gronholm ahead as Solberg crashes,joy
'Norbit' a waste of Murphy,sadness
Rocky start for Bangkok airport,surprise
12 dead in Lebanese minibus bombings,sadness
Sex torture claims hit Russia army,disgust
Mega-marsupials once roamed Australia,surprise
Rupert Murdoch's secret TiVo,surprise
"UPDATE 1-Plane crashes at Moscow airport, no passengers",sadness
HPV vaccination stirs heated debate in America,surprise
Court TV: Accused killer tells jury a love story,surprise
Whistle-blowing Web site exposed,surprise
"Start late, retire rich",joy
Somali PM vows to bring Islamists to justice,anger
Swingers more common than most think,surprise
Anna Nicole Smith fans mourn in cyberspace,sadness
Antibiotic Ketek more dangerous than thought,fear
Time to book your cruise,joy
'Blazing Angels' for PS3 fails to soar,sadness
North Korea aid demand stall talks,sadness
Cartoon Network head steps down,sadness
Malaysia aggressively wooing tourists,joy
Anna Nicole Smith's Bahamas home seized,sadness
Andromeda involved in galactic collision,surprise
Rwanda mulling 3-kid limit for families,joy
Wilkinson sets record in tame win,joy
Army engineers say dam safe,joy
France: Al Qaeda suspects arrested,fear
Utah gunman survived Srebrenica,joy
Creating a whole album in a month?,surprise
India to test new nuclear missile,fear
G7 to China: Ease exchange rate grip,surprise
Hatton hands back IBF title again,joy
"Bernanke: Economy healthy, but...",fear
"Mickelson, Sutherland share lead",joy
"Napping is good for your heart, study finds",joy
Princess Masako author: No regrets,surprise
Students use IM-lingo in essays,surprise
Malaysia launches tourism campaign,joy
Study: Africa's Internet gap getting wider,sadness
Travel chaos as heavy snow hits UK,fear
Paula Abdul: 'I have never been drunk',surprise
Salmonella outbreak traced to peanut butter,fear
Putin: U.S. force fostering nuke ambitions,fear
"Nuke detectors to ring New York, official says",fear
Double bus-bombing kills three in Lebanon,sadness
Davydenko out as seeds scattered,surprise
Obama: I'm running for president,joy
Paterson boots Scotland to victory,joy
"African-Americans are organ donors these days, but what about bone marrow?",surprise
Study: On-the-job naps might help heart,joy
"Guinea capital largely calm under curfew, marital law",fear
Bosses sleeping on idea of letting workers take naps,surprise
Teacher's porn conviction sparks tech debate,disgust
Singapore pampers its waterfront promenade,joy
Rwanda mulls three-child limit,surprise
Samsung settles price-fixing lawsuit,joy
"Radical cleric al-Sadr in Iran, U.S. insists",fear
Reports: Harvard set to name first female president,joy
Iraq unveils new security plans,surprise
University offers support to New Orleans school,joy
"Storm causes slick, icy roads",fear
South Korea fire kills 10 foreigners,sadness
Prehistoric lovers found locked in eternal embrace,surprise
Charts: Is your city lean or lethargic?,surprise
Peru leader questioned in massacre probe,sadness
U.S. commander: Iraq not hopeless,joy
Australian PM stands by Obama attack,joy
Mardi Gras rebound in the offing for New Orleans?,joy
Siestas may cut heart disease risk,joy
"Oregon snorkeler mistaken for rodent, shot in face",sadness
Petraeus takes command in Iraq,fear
6 dead after Utah Mall shooting rampage,sadness
Sharks kill four people in 'dull' year,sadness
Record-shattering day on Wall St.,joy
Comedian says government silences critics,sadness
Rockers big winners at Brit Awards,joy
Samba school leader killed before Rio carnival,sadness
"Taiwan's 'Mr. Clean' indicted, steps down",sadness
Woman fights to keep drunken driver in jail,anger
Al Qaeda group calls for attacks on U.S. oil,fear
Cousin: Gunman was Srebrenica survivor,sadness
Turkmenistan votes for president,joy
Here is some advice to take to heart...,surprise
10 don't-miss tax breaks,joy
Police break up Kosovo protests,anger
Messi makes Barcelona squad return,joy
Jump reported in accidental drug-overdose deaths,sadness
Catania punished for fan violence,sadness
Isinbayeva sets 20th world record,joy
Lawmakers blast FDA drug safety oversight,anger
Regular naps make hearts healthy,joy
Ice stops trolleys cold,sadness
U.S. gunman 'was Srebrenica survivor',surprise
Outdated baby food found on shelves,disgust
Tow truck drivers accused of stealing cars,disgust
Bush: It's time for Congress to back energy plan,joy
UK soldiers cleared of Iraq abuse,joy
FDA revises label warnings on the antibiotic Ketek,joy
Toshiba Portege R400,joy
South Africa mourns Adelaide Tambo,sadness
Evacuees can return home after plant blast,joy
Anna Nicole Smith's body lies in legal limbo,sadness
Former teacher poses for Playboy,surprise
France rejects Rwandan investigators,anger
A nap a day may keep the heart doctor away,surprise
"Higley, Gonzalez lead in Malaysia",joy
Grammys ready to name winners,joy
Pound will not drop Armstrong case,anger
Reunited Police to start world tour in May,joy
Turkmen acting leader sworn in as new president,joy
Allen and Okur get All-Star call,joy
Svindal claims are golden double,joy
"Trolley Square shooting leaves 6 dead, including gunman",sadness
Bridge blast stops I-95 traffic,fear
"Mother, daughter stabbed near school",sadness
Excerpt: Politicians and the press,disgust
North Korea gets 'money and respect',joy
Beyonce in a bikini as SI's swimsuit cover model,joy
Loving with all your ... brain,surprise
Shoplifters' choice: Police or T-shirt of shame,surprise
Cuban official: Web a 'wild colt',fear
Slow 'Music and Lyrics',joy
Mexican navy helps in hunt for U.S. engineer,joy
Smith baby may not be pot of gold,sadness
Latest updates on world's top stories,fear
Beating leaves teen in coma,sadness
Tiempo Libre has Grammy dreams,joy
GPS sneakers locate with press of a button,surprise
Embattled Edwards blogger quits campaign,sadness
Britons deported from Somalia held under Terrorism Act,fear
Updates on world's top stories,fear
Breast cancer drug promises hope,joy
Ancient coin shows Cleopatra was no beauty,surprise
YouTube yields surprising payback,surprise
Up to 22 inches of snow in forecast,surprise
Werder make 10-man Ajax pay price,joy
EU condemns 'illegal' CIA flights,anger
Report links humans to global warming,fear
UN nuclear watchdog slashes Iran aid,anger
Survey: Tech a tool in teen dating abuse,sadness
The breast cancer breakthrough saving 1000 women a year,joy
"Tourist spot resists gravity, but not progress",sadness
The NFL's 20 biggest potential free agents,joy
World tourism sets record in 2006,joy
BA to charge $470 for an extra bag,surprise
Kuerten returns to winners' circle,joy
World's oldest newspaper now exists only online,surprise
Japanese whaler afire in Antarctic,sadness
EU document: Iranian bomb unstoppable,fear
U.S. urged to lead on 'green' actions,joy
See if your city is one of the United States' top 10 fittest or fattest,surprise
Lee in pre-World Cup injury scare,fear
New cancer drug to save a thousand lives a year,joy
Ex-teacher guilty in nude-pictures scheme,disgust
Fire extinguisher part of Tennessee execution kit,surprise
Founder returns to Dell helm,joy
Charles Gibson takes over first place,joy
Ex-Border Patrol agent beaten in prison,sadness
'Made in China' irks some Burberry shoppers,anger
Stonehenge workers' village found,surprise
Who is Prince Frederic von Anhalt?,surprise
Latest food-fad -- 'space potatoes',surprise
Ethiopia readies for millennium all its own,joy
Good news for slackers: Naps may cut risk for heart problems,joy
Snowbirds shortening their Florida stays,sadness
Win a (concert) date with the Police,joy
"Snow begins, heavy accumulations expected",fear
"Jet flips in snowstorm, none dead",joy
Frantic 911 call in Ryan O'Neal case,surprise
Durant's success trumps the Gators,joy
Scientist snoops in astronauts' journals,disgust
YouTube founders split $650M payout,joy
African nation hopes Whoopi can help,joy
United hang on to six-point lead,joy
Lawyer seizes Smith's Bahamas home,sadness
Was Prince's super show too revealing?,surprise
Clijsters looks for a long goodbye,sadness
Snow's too deep even for snowmobiles,surprise
Study: Female seals picky about mates,surprise
"ROUNDUP: Protests erupt despite ""state of siege"" In Guinea",anger
Study: More kids exposed to online porn,disgust
Beyonce new SI bikini cover girl,joy
"Marijuana helps ease HIV nerve pain, study says",surprise
Serena misses Bangalore tournament,sadness
"Dryer blamed for fire killing 39 cats, dogs",sadness
"Roddick, Murray score in San Jose",joy
Apple trademark dispute settled,joy
U.S. online love brokers eye China,sadness
U.S. diverts troops to fight Taliban,anger
'House of Cards' actor Ian Richardson dead,sadness
Taliban leader killed in airstrike,sadness
Escape to Prague without the summer hordes,joy
Kathmandu: First snow in 63 years,surprise
Nasdaq fails in bid for LSE,sadness
Ex-pastor gets death sentence,sadness
Baby born on turnpike after dad misses exit,surprise
Study links chimps and 'hammers',surprise
UN-Google Earth map climate change,joy
